,profiles,execution_time (ns),memory_usage
0,worker,2000600,135168
1,worker,1001100,0
2,worker,999500,0
3,worker,1001600,0
4,worker,997800,4096
5,worker,999100,0
6,worker,1000400,4096
7,worker,999000,0
8,worker,999700,0
9,worker,1001100,4096
10,worker,1000400,0
11,worker,998500,0
12,worker,1000000,0
13,worker,1000700,0
14,worker,997900,0
15,worker,999800,0
16,worker,1000200,4096
17,worker,1001100,4096
18,worker,999400,0
19,worker,999300,0
20,worker,1000200,4096
21,worker,999700,0
22,worker,1000700,0
23,worker,1002200,0
24,worker,997600,0
25,worker,999600,0
26,worker,1002700,0
27,worker,999000,0
28,worker,999600,0
29,worker,2002000,4096
30,worker,999000,0
31,worker,999300,0
32,worker,998200,8192
33,worker,1000800,0
34,worker,1003300,4096
35,worker,1000800,4096
36,worker,998300,0
37,worker,999400,0
38,worker,998000,0
39,worker,1001000,0
40,worker,999600,0
41,worker,1000800,0
42,worker,999000,4096
43,worker,1000600,8192
44,worker,999800,0
45,worker,1002000,0
46,worker,1000100,4096
47,worker,1039000,0
48,worker,959700,0
49,worker,998600,0
50,worker,998900,0
51,worker,1000600,0
52,worker,1001700,0
53,worker,0,0
54,worker,0,8192
55,worker,998900,0
56,worker,1001200,4096
57,worker,998400,0
58,worker,999600,0
59,worker,1001600,0
60,worker,1000200,0
61,worker,999200,0
62,worker,999300,0
63,worker,1003700,0
64,worker,997500,0
65,worker,999900,0
66,worker,998500,4096
67,worker,1001600,0
68,worker,1000000,0
69,worker,998700,4096
70,worker,1000700,0
71,worker,999200,0
72,worker,0,0
73,worker,0,4096
74,worker,1000200,0
75,worker,1000500,4096
76,worker,999600,0
77,worker,1001100,0
78,worker,998800,0
79,worker,1000200,4096
80,worker,1033200,0
81,worker,969300,0
82,worker,999100,4096
83,worker,998200,0
84,worker,1001700,0
85,worker,998800,0
86,worker,999900,0
87,worker,999600,0
88,worker,999900,0
89,worker,0,4096
90,worker,0,0
91,worker,1034900,0
92,worker,997200,4096
93,worker,1000300,0
94,worker,970400,0
95,worker,1000300,0
96,worker,1030400,4096
97,worker,998600,0
98,worker,972700,0
99,worker,996800,0
100,worker,999400,0
101,worker,998900,0
102,worker,1001000,4096
103,worker,1000700,0
104,worker,999100,4096
105,worker,999800,8192
106,worker,0,0
107,worker,1031700,0
108,worker,999700,0
109,worker,1000700,4096
110,worker,1000300,0
111,worker,971900,0
112,worker,1000000,0
113,worker,999800,0
114,worker,1000300,0
115,worker,1027900,4096
116,worker,972200,4096
117,worker,999300,0
118,worker,1000400,0
119,worker,999700,0
120,worker,999800,0
121,worker,999900,0
122,worker,999000,4096
123,worker,1007700,0
124,worker,991500,0
125,worker,1000900,0
126,worker,0,0
127,worker,0,4096
128,worker,1032300,0
129,worker,998700,0
130,worker,1000500,0
131,worker,1000000,0
132,worker,1000600,0
133,worker,998700,0
134,worker,1001500,0
135,worker,969200,4096
136,green,1000500,4096
137,green,1029300,4096
138,green,1000100,0
139,green,1000600,0
140,green,999800,0
141,green,0,0
142,green,0,0
143,green,997900,0
144,green,1000200,0
145,green,971500,0
146,green,1028400,0
147,green,1000100,0
148,green,1000200,0
149,green,1001400,4096
150,green,998400,0
151,green,971300,0
152,green,998500,0
153,green,1000500,0
154,green,0,0
155,green,1000200,0
156,green,999100,0
157,green,999700,0
158,green,1000900,0
159,green,1031900,0
160,green,997500,0
161,green,1000100,0
162,green,1000500,0
163,green,1004200,0
164,green,1001800,0
165,green,994100,0
166,green,0,0
167,green,0,0
168,green,1031800,0
169,green,999500,4096
170,green,971100,0
171,green,1031100,0
172,green,967900,0
173,green,999100,0
174,green,998600,0
175,green,1000400,0
176,green,1001300,0
177,green,998400,0
178,green,0,0
179,green,1001000,0
180,green,1032600,0
181,green,999200,0
182,green,1001300,0
183,green,998500,0
184,green,1004300,0
185,green,995600,0
186,green,1000100,0
187,green,1000800,0
188,green,1000500,0
189,green,0,0
190,green,1002300,0
191,green,996300,0
192,green,1001500,0
193,green,1001800,0
194,green,997400,0
195,green,999300,0
196,green,1000300,0
197,green,1000900,0
198,green,999200,0
199,green,1000300,0
200,green,999000,4096
201,green,0,0
202,green,0,0
203,green,1000100,0
204,green,999700,0
205,green,1000400,0
206,green,972900,0
207,green,1028400,0
208,green,968900,0
209,green,1034600,0
210,green,988000,4096
211,green,976700,0
212,green,1001400,0
213,green,0,0
214,green,0,0
215,green,1001000,0
216,green,999900,0
217,green,1000700,0
218,green,998500,0
219,green,1002400,0
220,green,997500,0
221,green,1000300,0
222,green,1000200,0
223,green,1000200,0
224,green,970200,0
225,green,0,0
226,green,1022700,0
227,green,976500,0
228,green,999000,0
229,green,998800,0
230,green,999600,0
231,green,1001800,4096
232,green,999200,0
233,green,1000300,0
234,green,999200,0
235,green,1000100,0
236,green,0,0
237,green,0,0
238,green,999800,0
239,green,1000300,0
240,green,1000200,0
241,green,1000900,0
242,green,999500,0
243,green,1033100,0
244,green,967900,0
245,green,1000200,0
246,green,998000,0
247,green,0,0
248,green,0,0
249,green,1000300,0
250,green,1000700,0
251,green,999700,0
252,green,1001400,0
253,green,998700,0
254,green,999800,0
255,green,1000100,0
256,green,1031300,0
257,green,1000300,0
258,green,0,0
259,green,999700,0
260,green,1004100,0
261,green,967600,0
262,green,1029000,4096
263,green,1002600,0
264,green,997500,0
265,green,999800,0
266,green,999800,0
267,green,1001200,0
268,green,999100,0
269,green,999600,0
270,green,0,0
271,green,1000400,0
272,safe,999800,0
273,safe,1005000,0
274,safe,994800,4096
275,safe,1000300,0
276,safe,999700,0
277,safe,1000300,0
278,safe,1000000,0
279,safe,970800,0
280,safe,1030700,0
281,safe,0,0
282,safe,1000800,0
283,safe,997700,0
284,safe,972500,0
285,safe,999700,0
286,safe,998400,0
287,safe,999100,0
288,safe,998800,0
289,safe,999600,0
290,safe,1001400,0
291,safe,1001500,0
292,safe,998100,0
293,safe,1000100,0
294,safe,998400,4096
295,safe,1000200,0
296,safe,0,0
297,safe,1000300,0
298,safe,1001600,0
299,safe,998100,0
300,safe,1001300,0
301,safe,999400,0
302,safe,1000200,0
303,safe,998600,0
304,safe,1001100,0
305,safe,1000200,0
306,safe,0,0
307,safe,0,0
308,safe,998000,0
309,safe,999900,0
310,safe,1000100,0
311,safe,1000400,0
312,safe,999600,0
313,safe,999800,0
314,safe,1000300,0
315,safe,1001500,0
316,safe,1032800,0
317,safe,969300,0
318,safe,0,0
319,safe,998400,0
320,safe,1033000,0
321,safe,999300,0
322,safe,1001100,0
323,safe,967900,0
324,safe,1000400,4096
325,safe,998300,0
326,safe,999400,0
327,safe,999600,0
328,safe,998900,0
329,safe,1001000,0
330,safe,999800,0
331,safe,0,0
332,safe,1000500,0
333,safe,998900,4096
334,safe,1001900,0
335,safe,999700,0
336,safe,1006900,0
337,safe,993700,0
338,safe,999300,0
339,safe,1002000,0
340,safe,998500,0
341,safe,999200,0
342,safe,998500,0
343,safe,1001400,0
344,safe,0,0
345,safe,0,0
346,safe,1000100,0
347,safe,999800,0
348,safe,1001400,0
349,safe,998700,0
350,safe,999800,0
351,safe,1001700,0
352,safe,1000700,0
353,safe,998200,0
354,safe,1000700,0
355,safe,1000600,0
356,safe,999500,4096
357,safe,1000600,0
358,safe,0,0
359,safe,0,0
360,safe,998800,0
361,safe,1001000,0
362,safe,1002100,0
363,safe,999000,0
364,safe,1000100,0
365,safe,998400,0
366,safe,999800,0
367,safe,1000400,0
368,safe,999800,0
369,safe,1001100,0
370,safe,998900,0
371,safe,1004200,0
372,safe,999400,0
373,safe,1000500,0
374,safe,1000200,0
375,safe,999100,0
376,safe,1000000,0
377,safe,1000000,0
378,safe,1000400,0
379,safe,999700,0
380,safe,1000400,0
381,safe,999800,0
382,safe,0,0
383,safe,0,0
384,safe,1000000,0
385,safe,1000100,0
386,safe,999900,0
387,safe,1997400,0
388,safe,1000300,4096
389,safe,0,0
390,safe,0,0
391,safe,1031700,0
392,safe,1000500,0
393,safe,999600,0
394,safe,970200,0
395,safe,999100,0
396,safe,998400,0
397,safe,998200,4096
398,safe,1001000,0
399,safe,999600,0
400,safe,1032300,0
401,safe,999200,0
402,safe,0,0
403,safe,0,0
404,safe,1000100,0
405,safe,1001000,0
406,safe,970400,0
407,safe,997400,0
408,tourist,1034600,0
409,tourist,966700,0
410,tourist,999800,0
411,tourist,999300,0
412,tourist,998700,0
413,tourist,1032000,0
414,tourist,970000,0
415,tourist,0,0
416,tourist,1030700,0
417,tourist,1000100,0
418,tourist,999600,0
419,tourist,1001700,4096
420,tourist,998500,0
421,tourist,1000700,0
422,tourist,970100,0
423,tourist,999100,0
424,tourist,1030000,0
425,tourist,999900,0
426,tourist,1001800,0
427,tourist,0,0
428,tourist,1004200,0
429,tourist,998800,0
430,tourist,996400,0
431,tourist,998900,0
432,tourist,999800,0
433,tourist,969600,0
434,tourist,1032600,0
435,tourist,998600,0
436,tourist,1001300,0
437,tourist,0,0
438,tourist,0,0
439,tourist,1000600,0
440,tourist,1000600,0
441,tourist,968300,0
442,tourist,1001000,0
443,tourist,999500,0
444,tourist,999700,0
445,tourist,1000500,0
446,tourist,999700,0
447,tourist,999800,0
448,tourist,1001000,0
449,tourist,999100,4096
450,tourist,0,4096
451,tourist,1000100,0
452,tourist,0,0
453,tourist,998600,0
454,tourist,999100,0
455,tourist,1000500,0
456,tourist,999600,0
457,tourist,1000200,0
458,tourist,1000200,0
459,tourist,1000700,0
460,tourist,999200,0
461,tourist,1000600,0
462,tourist,1001400,0
463,tourist,998900,0
464,tourist,998900,0
465,tourist,1000600,0
466,tourist,999200,0
467,tourist,999500,0
468,tourist,1009100,0
469,tourist,0,0
470,tourist,0,0
471,tourist,1030900,0
472,tourist,999200,0
473,tourist,1000300,0
474,tourist,1000100,0
475,tourist,999400,0
476,tourist,972800,0
477,tourist,1000700,0
478,tourist,1000200,0
479,tourist,999700,0
480,tourist,1000100,0
481,tourist,998500,4096
482,tourist,1000500,0
483,tourist,998500,0
484,tourist,0,0
485,tourist,0,0
486,tourist,1030100,0
487,tourist,997700,0
488,tourist,1006800,0
489,tourist,992600,0
490,tourist,1000200,0
491,tourist,1000000,0
492,tourist,1004900,0
493,tourist,995000,4096
494,tourist,972500,0
495,tourist,0,0
496,tourist,0,0
497,tourist,0,0
498,tourist,998400,0
499,tourist,1030700,0
500,tourist,970100,0
501,tourist,1000900,0
502,tourist,1029700,0
503,tourist,1001400,0
504,tourist,998000,0
505,tourist,1002000,0
506,tourist,967400,0
507,tourist,0,0
508,tourist,1032000,0
509,tourist,968900,0
510,tourist,999600,0
511,tourist,1031400,0
512,tourist,998900,0
513,tourist,971400,4096
514,tourist,999100,0
515,tourist,999600,0
516,tourist,1000100,0
517,tourist,998800,0
518,tourist,998900,0
519,tourist,1000500,0
520,tourist,0,0
521,tourist,0,0
522,tourist,1001700,0
523,tourist,999100,0
524,tourist,999100,0
525,tourist,1000100,0
526,tourist,1001300,0
527,tourist,998700,0
528,tourist,1001500,0
529,tourist,999500,0
530,tourist,0,0
531,tourist,1001400,0
532,tourist,1000300,0
533,tourist,1000300,0
534,tourist,997400,0
535,tourist,1001600,0
536,tourist,999800,0
537,tourist,998300,0
538,tourist,999700,0
539,tourist,1000100,0
540,tourist,999900,0
541,tourist,999900,0
542,tourist,0,0
543,tourist,0,0
