,profiles,execution_time (s),memory_usage
0,worker,0.0008246898651123047,102400
1,worker,0.0010030269622802734,0
2,worker,0.0005364418029785156,0
3,worker,0.0,0
4,worker,0.0,0
5,worker,0.0,0
6,worker,0.0,0
7,worker,0.0,0
8,worker,0.0,0
9,worker,0.0053539276123046875,0
10,worker,0.0,0
11,worker,0.0,0
12,worker,0.0009996891021728516,0
13,worker,0.0,0
14,worker,0.00099945068359375,0
15,worker,0.0010001659393310547,0
16,worker,0.0,0
17,worker,0.0,0
18,worker,0.0,0
19,worker,0.0009999275207519531,0
20,worker,0.0,0
21,worker,0.0,0
22,worker,0.0010001659393310547,4096
23,worker,0.0,0
24,worker,0.0,0
25,worker,0.0,0
26,worker,0.0009996891021728516,0
27,worker,0.0,12288
28,worker,0.0,0
29,worker,0.0,0
30,worker,0.0009999275207519531,0
31,worker,0.0,0
32,worker,0.0,4096
33,worker,0.0,0
34,worker,0.0010001659393310547,0
35,worker,0.0,0
36,worker,0.0,0
37,worker,0.0,0
38,worker,0.0009999275207519531,0
39,worker,0.0,0
40,worker,0.0,0
41,worker,0.0,0
42,worker,0.0010001659393310547,0
43,worker,0.0,0
44,worker,0.0,0
45,worker,0.0,0
46,worker,0.0009999275207519531,0
47,worker,0.0,0
48,worker,0.0,0
49,worker,0.0009999275207519531,4096
50,worker,0.0,0
51,worker,0.0,0
52,worker,0.0,0
53,worker,0.0,4096
54,worker,0.0009999275207519531,0
55,worker,0.0,0
56,worker,0.0,0
57,worker,0.0,16384
58,worker,0.0010001659393310547,0
59,worker,0.0,8192
60,worker,0.0,0
61,worker,0.0,0
62,worker,0.0009999275207519531,0
63,worker,0.0,0
64,worker,0.0,0
65,worker,0.0,0
66,worker,0.0,0
67,worker,0.0,0
68,worker,0.0,0
69,worker,0.0009999275207519531,0
70,worker,0.0,0
71,worker,0.0,0
72,worker,0.0,0
73,worker,0.0,0
74,worker,0.0009999275207519531,0
75,worker,0.0,0
76,worker,0.0,0
77,worker,0.0,0
78,worker,0.0009996891021728516,0
79,worker,0.0,0
80,worker,0.00039196014404296875,0
81,worker,0.0,0
82,worker,0.0,0
83,worker,0.0,0
84,worker,0.0,0
85,worker,0.0,0
86,worker,0.0,12288
87,worker,0.0,0
88,worker,0.0,0
89,worker,0.0,0
90,worker,0.0,0
91,worker,0.0,0
92,worker,0.0,0
93,worker,0.0,0
94,worker,0.0,0
95,worker,0.0,0
96,worker,0.0,0
97,worker,0.0,0
98,worker,0.0,0
99,worker,0.0,0
100,worker,0.0,0
101,worker,0.0,4096
102,worker,0.0,0
103,worker,0.0,0
104,worker,0.0,0
105,worker,0.0,12288
106,worker,0.0,0
107,worker,0.0,0
108,worker,0.0,0
109,worker,0.0,0
110,worker,0.0,0
111,worker,0.0,4096
112,worker,0.0,0
113,worker,0.0,4096
114,worker,0.0,0
115,worker,0.0,0
116,worker,0.0,32768
117,worker,0.0,4096
118,worker,0.0,0
119,worker,0.0,0
120,worker,0.0,0
121,worker,0.0,0
122,worker,0.0,4096
123,worker,0.0,0
124,worker,0.0,0
125,worker,0.0,0
126,worker,0.0,0
127,worker,0.0,4096
128,worker,0.0,0
129,worker,0.0,0
130,worker,0.0,0
131,worker,0.0,0
132,worker,0.0,4096
133,worker,0.0,0
134,worker,0.012914896011352539,0
135,worker,0.0,0
136,worker,0.0,0
137,worker,0.0,0
138,worker,0.0010006427764892578,0
139,worker,0.0,0
140,worker,0.0,4096
141,worker,0.0,0
142,green,0.0009992122650146484,0
143,green,0.0,0
144,green,0.0,0
145,green,0.0,0
146,green,0.0009999275207519531,0
147,green,0.0,0
148,green,0.0,0
149,green,0.0,0
150,green,0.0010001659393310547,0
151,green,0.0,0
152,green,0.0,0
153,green,0.0,0
154,green,0.0,0
155,green,0.0,0
156,green,0.0009999275207519531,0
157,green,0.0,0
158,green,0.0,0
159,green,0.0,0
160,green,0.0009999275207519531,0
161,green,0.0,0
162,green,0.0,0
163,green,0.0,0
164,green,0.0009999275207519531,0
165,green,0.0,0
166,green,0.0,0
167,green,0.0,0
168,green,0.0010001659393310547,0
169,green,0.0,0
170,green,0.0,0
171,green,0.0,0
172,green,0.0009999275207519531,4096
173,green,0.0,0
174,green,0.0,0
175,green,0.0,0
176,green,0.0009999275207519531,0
177,green,0.0,0
178,green,0.0,0
179,green,0.0,0
180,green,0.0,0
181,green,0.0009999275207519531,0
182,green,0.0,0
183,green,0.0,0
184,green,0.0,0
185,green,0.0010001659393310547,0
186,green,0.0,0
187,green,0.0,0
188,green,0.0,0
189,green,0.0009999275207519531,0
190,green,0.0,0
191,green,0.0,4096
192,green,0.0,0
193,green,0.0,0
194,green,0.0,0
195,green,0.0,0
196,green,0.0,0
197,green,0.0,0
198,green,0.0009996891021728516,0
199,green,0.0,0
200,green,0.0,0
201,green,0.0,0
202,green,0.0,0
203,green,0.0,0
204,green,0.0,0
205,green,0.0,0
206,green,0.0,4096
207,green,0.0010004043579101562,0
208,green,0.0,0
209,green,0.0,0
210,green,0.0,0
211,green,0.0009996891021728516,0
212,green,0.0,0
213,green,0.0,0
214,green,0.0,0
215,green,0.0009999275207519531,0
216,green,0.0,0
217,green,0.0,0
218,green,0.0,0
219,green,0.0,0
220,green,0.0009999275207519531,0
221,green,0.0,0
222,green,0.0,0
223,green,0.0,0
224,green,0.0,0
225,green,0.0010001659393310547,0
226,green,0.0,0
227,green,0.0,0
228,green,0.0,0
229,green,0.0009999275207519531,0
230,green,0.0,0
231,green,0.0,0
232,green,0.0,0
233,green,0.0,0
234,green,0.0009999275207519531,0
235,green,0.0,0
236,green,0.0,0
237,green,0.0,0
238,green,0.0,0
239,green,0.0009999275207519531,0
240,green,0.0,0
241,green,0.0,0
242,green,0.0,0
243,green,0.0009999275207519531,0
244,green,0.0,0
245,green,0.0,0
246,green,0.0,0
247,green,0.0,0
248,green,0.0010001659393310547,0
249,green,0.0,4096
250,green,0.0,0
251,green,0.0,0
252,green,0.0009999275207519531,0
253,green,0.0,0
254,green,0.0,0
255,green,0.0,0
256,green,0.0009999275207519531,0
257,green,0.0,0
258,green,0.0,0
259,green,0.0,0
260,green,0.0,0
261,green,0.0010001659393310547,0
262,green,0.0,0
263,green,0.0,0
264,green,0.0,0
265,green,0.0009999275207519531,0
266,green,0.0,0
267,green,0.0,0
268,green,0.0,0
269,green,0.0009999275207519531,0
270,green,0.0,0
271,green,0.0,0
272,green,0.0,0
273,green,0.0,0
274,green,0.0010001659393310547,0
275,green,0.0,0
276,green,0.0,0
277,green,0.0,0
278,green,0.0009999275207519531,0
279,green,0.0,0
280,green,0.00041484832763671875,0
281,green,0.0,0
282,green,0.0,0
283,green,0.0,0
284,safe,0.0010006427764892578,0
285,safe,0.0,0
286,safe,0.0,0
287,safe,0.0,0
288,safe,0.0009996891021728516,0
289,safe,0.0,4096
290,safe,0.0,0
291,safe,0.0,0
292,safe,0.0010385513305664062,0
293,safe,0.0,0
294,safe,0.0,0
295,safe,0.0,0
296,safe,0.0,0
297,safe,0.0,0
298,safe,0.0,0
299,safe,0.0,0
300,safe,0.0,0
301,safe,0.0,0
302,safe,0.0,0
303,safe,0.0,0
304,safe,0.0,0
305,safe,0.0,0
306,safe,0.0,0
307,safe,0.0,0
308,safe,0.0,0
309,safe,0.0,0
310,safe,0.0,0
311,safe,0.0,0
312,safe,0.0,0
313,safe,0.0,0
314,safe,0.0,0
315,safe,0.0,0
316,safe,0.0,0
317,safe,0.0,0
318,safe,0.0,0
319,safe,0.0,0
320,safe,0.0,0
321,safe,0.0,0
322,safe,0.0,0
323,safe,0.0,0
324,safe,0.0,0
325,safe,0.0,0
326,safe,0.0,0
327,safe,0.0,0
328,safe,0.0,0
329,safe,0.0,4096
330,safe,0.0,0
331,safe,0.0,0
332,safe,0.0,0
333,safe,0.0,0
334,safe,0.0,0
335,safe,0.0,0
336,safe,0.0,0
337,safe,0.0,0
338,safe,0.0,0
339,safe,0.0,0
340,safe,0.0,0
341,safe,0.0,0
342,safe,0.0,0
343,safe,0.0,0
344,safe,0.0,0
345,safe,0.0,0
346,safe,0.0,0
347,safe,0.0,0
348,safe,0.0,0
349,safe,0.0,0
350,safe,0.0,0
351,safe,0.013616800308227539,0
352,safe,0.0,0
353,safe,0.0,0
354,safe,0.0010650157928466797,0
355,safe,0.0,0
356,safe,0.0,0
357,safe,0.0,0
358,safe,0.0,0
359,safe,0.001001596450805664,0
360,safe,0.0,0
361,safe,0.0,0
362,safe,0.0,0
363,safe,0.0,0
364,safe,0.0009889602661132812,0
365,safe,0.0,0
366,safe,0.0,0
367,safe,0.0,0
368,safe,0.0,0
369,safe,0.0009982585906982422,0
370,safe,0.0,0
371,safe,0.0,0
372,safe,0.0,0
373,safe,0.0009999275207519531,4096
374,safe,0.0,0
375,safe,0.0,0
376,safe,0.0,0
377,safe,0.0,0
378,safe,0.001007080078125,0
379,safe,0.0,0
380,safe,0.0,0
381,safe,0.0,0
382,safe,0.0,0
383,safe,0.0009987354278564453,0
384,safe,0.0,0
385,safe,0.0,0
386,safe,0.0,0
387,safe,0.0009405612945556641,0
388,safe,0.0,0
389,safe,0.0,0
390,safe,0.0,0
391,safe,0.0,0
392,safe,0.0009999275207519531,0
393,safe,0.0,0
394,safe,0.0,0
395,safe,0.0010001659393310547,0
396,safe,0.0,0
397,safe,0.0,0
398,safe,0.0,0
399,safe,0.0,0
400,safe,0.0,0
401,safe,0.0,0
402,safe,0.0,0
403,safe,0.0,0
404,safe,0.0010004043579101562,0
405,safe,0.0,0
406,safe,0.0,0
407,safe,0.0,0
408,safe,0.0,0
409,safe,0.0009996891021728516,0
410,safe,0.0,0
411,safe,0.0,0
412,safe,0.0,0
413,safe,0.0009999275207519531,0
414,safe,0.0,4096
415,safe,0.0,0
416,safe,0.0,0
417,safe,0.0010001659393310547,0
418,safe,0.0,0
419,safe,0.0,0
420,safe,0.0,0
421,safe,0.0,0
422,safe,0.0009996891021728516,0
423,safe,0.0,0
424,safe,0.0,0
425,safe,0.0,0
426,tourist,0.0010001659393310547,0
427,tourist,0.0,0
428,tourist,0.0,0
429,tourist,0.0,0
430,tourist,0.0009999275207519531,0
431,tourist,0.0,0
432,tourist,0.0,0
433,tourist,0.0,0
434,tourist,0.0,0
435,tourist,0.0,0
436,tourist,0.0,0
437,tourist,0.0,0
438,tourist,0.0,0
439,tourist,0.0,0
440,tourist,0.0010001659393310547,4096
441,tourist,0.0,0
442,tourist,0.0,0
443,tourist,0.0,0
444,tourist,0.0009999275207519531,0
445,tourist,0.0,0
446,tourist,0.0,0
447,tourist,0.0,0
448,tourist,0.0009999275207519531,0
449,tourist,0.0,0
450,tourist,0.0,0
451,tourist,0.0,0
452,tourist,0.0,0
453,tourist,0.001071929931640625,0
454,tourist,0.0,0
455,tourist,0.0,4096
456,tourist,0.001001596450805664,0
457,tourist,0.0,0
458,tourist,0.0,0
459,tourist,0.0,0
460,tourist,0.00099945068359375,0
461,tourist,0.0,0
462,tourist,0.0,0
463,tourist,0.0,0
464,tourist,0.0,0
465,tourist,0.0010001659393310547,0
466,tourist,0.0,0
467,tourist,0.0,0
468,tourist,0.0,0
469,tourist,0.0009999275207519531,0
470,tourist,0.0,0
471,tourist,0.0,0
472,tourist,0.0,0
473,tourist,0.0009996891021728516,0
474,tourist,0.0,0
475,tourist,0.0,0
476,tourist,0.0,0
477,tourist,0.0010001659393310547,0
478,tourist,0.0,0
479,tourist,0.0,0
480,tourist,0.0,0
481,tourist,0.0,0
482,tourist,0.0010001659393310547,0
483,tourist,0.0,0
484,tourist,0.0,0
485,tourist,0.0,0
486,tourist,0.0,0
487,tourist,0.0009996891021728516,0
488,tourist,0.0,0
489,tourist,0.0,0
490,tourist,0.0,0
491,tourist,0.0010001659393310547,0
492,tourist,0.0,0
493,tourist,0.0,0
494,tourist,0.0,0
495,tourist,0.0009999275207519531,4096
496,tourist,0.0,0
497,tourist,9.465217590332031e-05,0
498,tourist,0.0,0
499,tourist,0.0,0
500,tourist,0.0,0
501,tourist,0.0009999275207519531,0
502,tourist,0.0,0
503,tourist,0.0,0
504,tourist,0.0,0
505,tourist,0.0009999275207519531,0
506,tourist,0.0,0
507,tourist,0.0,0
508,tourist,0.0,0
509,tourist,0.0,0
510,tourist,0.0009999275207519531,0
511,tourist,0.0,0
512,tourist,0.0,0
513,tourist,0.0,0
514,tourist,0.0,0
515,tourist,0.0009999275207519531,0
516,tourist,0.0,0
517,tourist,0.0,0
518,tourist,0.0,0
519,tourist,0.0,0
520,tourist,0.0009999275207519531,0
521,tourist,0.0,0
522,tourist,0.0,0
523,tourist,0.0,0
524,tourist,0.0,0
525,tourist,0.0,0
526,tourist,0.0,0
527,tourist,0.0,0
528,tourist,0.0,0
529,tourist,0.0009999275207519531,0
530,tourist,0.0,0
531,tourist,0.0,0
532,tourist,0.0,0
533,tourist,0.0010001659393310547,0
534,tourist,0.0,0
535,tourist,0.0,0
536,tourist,0.0,0
537,tourist,0.0,0
538,tourist,0.0,0
539,tourist,0.0,0
540,tourist,0.0,0
541,tourist,0.0,4096
542,tourist,0.0009999275207519531,0
543,tourist,0.0003185272216796875,4096
544,tourist,0.0,0
545,tourist,0.0,0
546,tourist,0.0,0
547,tourist,0.0,0
548,tourist,0.0,0
549,tourist,0.0,0
550,tourist,0.0,0
551,tourist,0.0,0
552,tourist,0.0,0
553,tourist,0.0,0
554,tourist,0.0,0
555,tourist,0.0,0
556,tourist,0.0,0
557,tourist,0.0,0
558,tourist,0.0,0
559,tourist,0.0,0
560,tourist,0.0,0
561,tourist,0.0,0
562,tourist,0.0,0
563,tourist,0.0,0
564,tourist,0.0,0
565,tourist,0.0,0
566,tourist,0.0,0
567,tourist,0.0,0
